{"cameraMode":{"drawMode":0,"name":"Shaded","section":"Shading Mode"},"sceneLighting":true,"audioPlay":false,"sceneViewState":{"showFog":true,"showMaterialUpdate":true,"showSkybox":true,"showFlares":true,"showImageEffects":true,"showParticleSystems":true},"in2DMode":false,"pivot":{"x":82.52566528320313,"y":10.460714340209961,"z":6.673313617706299},"rotation":{"x":-0.04519815742969513,"y":-0.6394913792610169,"z":0.039946913719177249,"w":-0.7668451070785523},"size":53.21192932128906,"orthographic":false}