{"cameraMode":{"drawMode":0,"name":"Shaded","section":"Shading Mode"},"sceneLighting":false,"audioPlay":false,"sceneViewState":{"showFog":true,"showMaterialUpdate":true,"showSkybox":false,"showFlares":true,"showImageEffects":true,"showParticleSystems":true},"in2DMode":false,"pivot":{"x":-6.426395893096924,"y":6.945499420166016,"z":-3.4661808013916017},"rotation":{"x":-0.11174085736274719,"y":0.7557390332221985,"z":-0.140452578663826,"w":-0.6307240724563599},"size":4.602021217346191,"orthographic":false}