{"cameraMode":{"drawMode":0,"name":"Shaded","section":"Shading Mode"},"sceneLighting":true,"audioPlay":false,"sceneViewState":{"showFog":true,"showMaterialUpdate":true,"showSkybox":true,"showFlares":true,"showImageEffects":true,"showParticleSystems":true},"in2DMode":false,"pivot":{"x":-118.45736694335938,"y":90.09288787841797,"z":-1059.2880859375},"rotation":{"x":0.014707051217556,"y":-0.06059613451361656,"z":-0.00015171096310950816,"w":-0.9983459115028381},"size":4.641658782958984,"orthographic":false}