{"cameraMode":{"drawMode":0,"name":"Shaded","section":"Shading Mode"},"sceneLighting":true,"audioPlay":false,"sceneViewState":{"showFog":true,"showMaterialUpdate":false,"showSkybox":true,"showFlares":true,"showImageEffects":true,"showParticleSystems":true},"in2DMode":false,"pivot":{"x":-5.509033203125,"y":-33.32329559326172,"z":55.50215148925781},"rotation":{"x":-0.17513686418533326,"y":0.11846808344125748,"z":-0.02102215588092804,"w":-0.97723788022995},"size":141.56227111816407,"orthographic":false}