{"cameraMode":{"drawMode":0,"name":"Shaded","section":"Shading Mode"},"sceneLighting":true,"audioPlay":false,"sceneViewState":{"showFog":true,"showMaterialUpdate":true,"showSkybox":true,"showFlares":true,"showImageEffects":true,"showParticleSystems":true},"in2DMode":false,"pivot":{"x":614.0550537109375,"y":360.5934143066406,"z":6.6676025390625},"rotation":{"x":0.05815742164850235,"y":0.0035912212915718557,"z":0.0002097126271110028,"w":-0.9983060956001282},"size":394.3468322753906,"orthographic":false}