{"cameraMode":{"drawMode":0,"name":"Shaded","section":"Shading Mode"},"sceneLighting":true,"audioPlay":false,"sceneViewState":{"showFog":true,"showMaterialUpdate":true,"showSkybox":true,"showFlares":true,"showImageEffects":true,"showParticleSystems":true},"in2DMode":false,"pivot":{"x":18.531803131103517,"y":6.480036735534668,"z":18.377702713012697},"rotation":{"x":-0.1984958052635193,"y":-0.595039963722229,"z":0.14926718175411225,"w":-0.7651317715644836},"size":4.902021408081055,"orthographic":false}