{"cameraMode":{"drawMode":0,"name":"Shaded","section":"Shading Mode"},"sceneLighting":false,"audioPlay":false,"sceneViewState":{"showFog":true,"showMaterialUpdate":false,"showSkybox":false,"showFlares":true,"showImageEffects":true,"showParticleSystems":true},"in2DMode":false,"pivot":{"x":12.260000228881836,"y":0.003000020980834961,"z":4.483603000640869},"rotation":{"x":-0.059995561838150027,"y":-0.37608298659324648,"z":0.024394996464252473,"w":-0.9243428707122803},"size":8.95112133026123,"orthographic":false}