{"cameraMode":{"drawMode":0,"name":"Shaded","section":"Shading Mode"},"sceneLighting":false,"audioPlay":false,"sceneViewState":{"showFog":true,"showMaterialUpdate":true,"showSkybox":false,"showFlares":true,"showImageEffects":true,"showParticleSystems":true},"in2DMode":false,"pivot":{"x":-0.18198144435882569,"y":-7.6080098152160648,"z":-6.8911027908325199},"rotation":{"x":0.05374380201101303,"y":-0.937846302986145,"z":0.2910114824771881,"w":0.18329256772994996},"size":22.0,"orthographic":false}