{"cameraMode":{"drawMode":0,"name":"Shaded","section":"Shading Mode"},"sceneLighting":false,"audioPlay":false,"sceneViewState":{"showFog":true,"showMaterialUpdate":false,"showSkybox":false,"showFlares":true,"showImageEffects":true,"showParticleSystems":true},"in2DMode":false,"pivot":{"x":0.42589396238327029,"y":0.6474782228469849,"z":-5.543078899383545},"rotation":{"x":0.030180955305695535,"y":-0.09102421253919602,"z":0.0027403123676776888,"w":0.9954174757003784},"size":2.3986105918884279,"orthographic":false}