{"cameraMode":{"drawMode":0,"name":"Shaded","section":"Shading Mode"},"sceneLighting":true,"audioPlay":false,"sceneViewState":{"showFog":true,"showMaterialUpdate":true,"showSkybox":true,"showFlares":true,"showImageEffects":true,"showParticleSystems":true},"in2DMode":false,"pivot":{"x":-111.83099365234375,"y":-79.12161254882813,"z":-32.953365325927737},"rotation":{"x":0.1754615157842636,"y":-0.7508416175842285,"z":0.22358301281929017,"w":0.597250759601593},"size":173.39102172851563,"orthographic":false}