{"cameraMode":{"drawMode":0,"name":"Shaded","section":"Shading Mode"},"sceneLighting":false,"audioPlay":false,"sceneViewState":{"showFog":true,"showMaterialUpdate":true,"showSkybox":false,"showFlares":true,"showImageEffects":true,"showParticleSystems":true},"in2DMode":false,"pivot":{"x":10.824496269226075,"y":-9.102838516235352,"z":22.831701278686525},"rotation":{"x":-0.21144065260887147,"y":-0.4346138536930084,"z":0.10612031817436218,"w":-0.8691309690475464},"size":54.588592529296878,"orthographic":false}