{"cameraMode":{"drawMode":0,"name":"Shaded","section":"Shading Mode"},"sceneLighting":false,"audioPlay":false,"sceneViewState":{"showFog":true,"showMaterialUpdate":true,"showSkybox":false,"showFlares":true,"showImageEffects":true,"showParticleSystems":true},"in2DMode":false,"pivot":{"x":3.729705572128296,"y":-1.5963157415390015,"z":-5.229441165924072},"rotation":{"x":-0.040512263774871829,"y":-0.9457467794418335,"z":0.1287076324224472,"w":-0.29651451110839846},"size":11.431534767150879,"orthographic":false}