{"cameraMode":{"drawMode":0,"name":"Shaded","section":"Shading Mode"},"sceneLighting":false,"audioPlay":false,"sceneViewState":{"showFog":true,"showMaterialUpdate":false,"showSkybox":false,"showFlares":true,"showImageEffects":true,"showParticleSystems":true},"in2DMode":false,"pivot":{"x":7.2328362464904789,"y":0.8064463138580322,"z":-1.8722140789031983},"rotation":{"x":-0.08345131576061249,"y":-0.23171153664588929,"z":0.01961071789264679,"w":-0.9692514538764954},"size":0.9724540114402771,"orthographic":false}