{"cameraMode":{"drawMode":0,"name":"Shaded","section":"Shading Mode"},"sceneLighting":false,"audioPlay":false,"sceneViewState":{"showFog":true,"showMaterialUpdate":true,"showSkybox":false,"showFlares":true,"showImageEffects":true,"showParticleSystems":true},"in2DMode":false,"pivot":{"x":-6.426395893096924,"y":7.059999465942383,"z":-3.6389846801757814},"rotation":{"x":-0.22928738594055177,"y":-0.124847412109375,"z":0.02647032029926777,"w":-0.9653295874595642},"size":4.041657447814941,"orthographic":false}