{"cameraMode":{"drawMode":0,"name":"Shaded","section":"Shading Mode"},"sceneLighting":true,"audioPlay":false,"sceneViewState":{"showFog":true,"showMaterialUpdate":true,"showSkybox":true,"showFlares":true,"showImageEffects":true,"showParticleSystems":true},"in2DMode":false,"pivot":{"x":42.23680877685547,"y":5.0777668952941898,"z":58.99836349487305},"rotation":{"x":0.09394995868206024,"y":-0.8344875574111939,"z":0.15426482260227204,"w":0.5217523574829102},"size":14.802035331726075,"orthographic":false}