{"cameraMode":{"drawMode":0,"name":"Shaded","section":"Shading Mode"},"sceneLighting":true,"audioPlay":false,"sceneViewState":{"showFog":true,"showMaterialUpdate":true,"showSkybox":true,"showFlares":true,"showImageEffects":true,"showParticleSystems":true},"in2DMode":false,"pivot":{"x":21.164936065673829,"y":-11.529650688171387,"z":17.10759925842285},"rotation":{"x":0.2496827393770218,"y":0.10618052631616593,"z":-0.027184974402189256,"w":0.9623813033103943},"size":33.82242202758789,"orthographic":false}