{"cameraMode":{"drawMode":0,"name":"Shaded","section":"Shading Mode"},"sceneLighting":true,"audioPlay":false,"sceneViewState":{"showFog":true,"showMaterialUpdate":true,"showSkybox":true,"showFlares":true,"showImageEffects":true,"showParticleSystems":true},"in2DMode":false,"pivot":{"x":-2.6122617721557619,"y":5.053802013397217,"z":-13.397588729858399},"rotation":{"x":0.008792479522526265,"y":0.5176528692245483,"z":0.005760247353464365,"w":-0.8558571338653565},"size":12.276216506958008,"orthographic":false}