{"cameraMode":{"drawMode":0,"name":"Shaded","section":"Shading Mode"},"sceneLighting":true,"audioPlay":false,"sceneViewState":{"showFog":true,"showMaterialUpdate":true,"showSkybox":true,"showFlares":true,"showImageEffects":true,"showParticleSystems":true},"in2DMode":false,"pivot":{"x":686.16455078125,"y":-33.161895751953128,"z":657.6305541992188},"rotation":{"x":0.17448017001152039,"y":0.0674533098936081,"z":-0.009339136071503163,"w":0.9829779267311096},"size":1091.736083984375,"orthographic":false}