{"cameraMode":{"drawMode":0,"name":"Shaded","section":"Shading Mode"},"sceneLighting":true,"audioPlay":false,"sceneViewState":{"showFog":true,"showMaterialUpdate":true,"showSkybox":true,"showFlares":true,"showImageEffects":true,"showParticleSystems":true},"in2DMode":false,"pivot":{"x":-2.3214075565338136,"y":-0.09668104350566864,"z":-13.063029289245606},"rotation":{"x":-0.014916123822331429,"y":-0.9890925288200378,"z":0.10085150599479675,"w":-0.11284763365983963},"size":22.751142501831056,"orthographic":false}