{"cameraMode":{"drawMode":0,"name":"Shaded","section":"Shading Mode"},"sceneLighting":true,"audioPlay":false,"sceneViewState":{"showFog":true,"showMaterialUpdate":true,"showSkybox":true,"showFlares":true,"showImageEffects":true,"showParticleSystems":true},"in2DMode":false,"pivot":{"x":25.704627990722658,"y":18.5758113861084,"z":-58.458457946777347},"rotation":{"x":0.25098997354507449,"y":-0.13681945204734803,"z":0.03802157938480377,"w":0.9581505060195923},"size":14.760152816772461,"orthographic":false}