{"cameraMode":{"drawMode":0,"name":"Shaded","section":"Shading Mode"},"sceneLighting":false,"audioPlay":false,"sceneViewState":{"showFog":true,"showMaterialUpdate":false,"showSkybox":false,"showFlares":true,"showImageEffects":true,"showParticleSystems":true},"in2DMode":false,"pivot":{"x":7.590132713317871,"y":0.6397225856781006,"z":0.533180832862854},"rotation":{"x":-0.3788607716560364,"y":-0.6023179292678833,"z":0.3901149332523346,"w":-0.5847856998443604},"size":0.9724540114402771,"orthographic":false}