{"cameraMode":{"drawMode":0,"name":"Shaded","section":"Shading Mode"},"sceneLighting":true,"audioPlay":false,"sceneViewState":{"showFog":true,"showMaterialUpdate":true,"showSkybox":true,"showFlares":true,"showImageEffects":true,"showParticleSystems":true},"in2DMode":false,"pivot":{"x":-27.083820343017579,"y":-44.70732498168945,"z":92.09156799316406},"rotation":{"x":0.5353305339813232,"y":-0.10927725583314896,"z":0.07009169459342957,"w":0.8346214890480042},"size":110.7280502319336,"orthographic":false}