{"cameraMode":{"drawMode":0,"name":"Shaded","section":"Shading Mode"},"sceneLighting":true,"audioPlay":false,"sceneViewState":{"showFog":true,"showMaterialUpdate":true,"showSkybox":true,"showFlares":true,"showImageEffects":true,"showParticleSystems":true},"in2DMode":false,"pivot":{"x":-1.9111002683639527,"y":1.9441096782684327,"z":-11.668635368347168},"rotation":{"x":0.06284457445144654,"y":-0.8857870697975159,"z":0.1211087703704834,"w":0.44431424140930178},"size":53.21192932128906,"orthographic":false}