{"cameraMode":{"drawMode":0,"name":"Shaded","section":"Shading Mode"},"sceneLighting":true,"audioPlay":false,"sceneViewState":{"showFog":true,"showMaterialUpdate":true,"showSkybox":true,"showFlares":true,"showImageEffects":true,"showParticleSystems":true},"in2DMode":false,"pivot":{"x":-32.031097412109378,"y":10.761870384216309,"z":13.720596313476563},"rotation":{"x":-0.08287680149078369,"y":-0.7142336368560791,"z":0.08643101155757904,"w":-0.6899955868721008},"size":12.276216506958008,"orthographic":false}