{"cameraMode":{"drawMode":0,"name":"Shaded","section":"Shading Mode"},"sceneLighting":false,"audioPlay":false,"sceneViewState":{"showFog":true,"showMaterialUpdate":false,"showSkybox":false,"showFlares":true,"showImageEffects":true,"showParticleSystems":true},"in2DMode":false,"pivot":{"x":-9.43074893951416,"y":-2.862973690032959,"z":-2.020853042602539},"rotation":{"x":-0.09871133416891098,"y":0.7685896158218384,"z":-0.12233532965183258,"w":-0.6205412149429321},"size":12.458242416381836,"orthographic":false}