{"cameraMode":{"drawMode":0,"name":"Shaded","section":"Shading Mode"},"sceneLighting":true,"audioPlay":false,"sceneViewState":{"showFog":true,"showMaterialUpdate":true,"showSkybox":true,"showFlares":true,"showImageEffects":true,"showParticleSystems":true},"in2DMode":false,"pivot":{"x":17.928295135498048,"y":4.908125877380371,"z":32.1947135925293},"rotation":{"x":-0.05816642940044403,"y":0.5715270042419434,"z":-0.04504578560590744,"w":-0.8181415796279907},"size":2.841658592224121,"orthographic":false}