{"cameraMode":{"drawMode":0,"name":"Shaded","section":"Shading Mode"},"sceneLighting":true,"audioPlay":false,"sceneViewState":{"showFog":true,"showMaterialUpdate":true,"showSkybox":true,"showFlares":true,"showImageEffects":true,"showParticleSystems":true},"in2DMode":false,"pivot":{"x":-8.88550090789795,"y":-34.76069259643555,"z":162.74856567382813},"rotation":{"x":-0.1403460055589676,"y":0.14512982964515687,"z":-0.022305287420749666,"w":-0.9797837138175964},"size":173.39102172851563,"orthographic":false}