{"cameraMode":{"drawMode":0,"name":"Shaded","section":"Shading Mode"},"sceneLighting":true,"audioPlay":false,"sceneViewState":{"showFog":true,"showMaterialUpdate":true,"showSkybox":true,"showFlares":true,"showImageEffects":true,"showParticleSystems":true},"in2DMode":false,"pivot":{"x":3.2985191345214845,"y":9.029810905456543,"z":33.04984664916992},"rotation":{"x":0.09405528753995896,"y":0.5748180747032166,"z":-0.06413345783948899,"w":0.8111209869384766},"size":13.606491088867188,"orthographic":false}