{"cameraMode":{"drawMode":0,"name":"Shaded","section":"Shading Mode"},"sceneLighting":false,"audioPlay":false,"sceneViewState":{"showFog":true,"showMaterialUpdate":false,"showSkybox":false,"showFlares":true,"showImageEffects":true,"showParticleSystems":true},"in2DMode":false,"pivot":{"x":0.0009517669677734375,"y":0.8272780179977417,"z":0.000213623046875},"rotation":{"x":-0.16402195394039155,"y":-0.31997957825660708,"z":0.056349385529756549,"w":-0.9314357042312622},"size":46.77100372314453,"orthographic":false}