{"cameraMode":{"drawMode":0,"name":"Shaded","section":"Shading Mode"},"sceneLighting":true,"audioPlay":false,"sceneViewState":{"showFog":true,"showMaterialUpdate":false,"showSkybox":true,"showFlares":true,"showImageEffects":true,"showParticleSystems":true},"in2DMode":false,"pivot":{"x":27.984357833862306,"y":-10.674561500549317,"z":-10.65124225616455},"rotation":{"x":-0.12419454753398895,"y":-0.7943623661994934,"z":0.17326229810714723,"w":-0.5689399242401123},"size":31.528026580810548,"orthographic":false}