{"cameraMode":{"drawMode":0,"name":"Shaded","section":"Shading Mode"},"sceneLighting":false,"audioPlay":false,"sceneViewState":{"showFog":true,"showMaterialUpdate":false,"showSkybox":false,"showFlares":true,"showImageEffects":true,"showParticleSystems":true},"in2DMode":false,"pivot":{"x":-1.6341832876205445,"y":1.2862153053283692,"z":1.47677743434906},"rotation":{"x":0.1676003485918045,"y":-0.47117483615875246,"z":0.09188488125801087,"w":0.8611387610435486},"size":4.355638027191162,"orthographic":false}