{"cameraMode":{"drawMode":0,"name":"Shaded","section":"Shading Mode"},"sceneLighting":false,"audioPlay":false,"sceneViewState":{"showFog":true,"showMaterialUpdate":true,"showSkybox":false,"showFlares":true,"showImageEffects":true,"showParticleSystems":true},"in2DMode":false,"pivot":{"x":54.284114837646487,"y":-0.8574963808059692,"z":-0.7694919109344482},"rotation":{"x":-0.009532894939184189,"y":-0.9452062845230103,"z":0.02084176614880562,"w":-0.3267631530761719},"size":62.47926330566406,"orthographic":false}