{"cameraMode":{"drawMode":0,"name":"Shaded","section":"Shading Mode"},"sceneLighting":true,"audioPlay":false,"sceneViewState":{"showFog":true,"showMaterialUpdate":true,"showSkybox":true,"showFlares":true,"showImageEffects":true,"showParticleSystems":true},"in2DMode":false,"pivot":{"x":1582.254150390625,"y":-635.4906616210938,"z":-471.1391296386719},"rotation":{"x":-0.10600782930850983,"y":-0.7962796688079834,"z":0.15347616374492646,"w":-0.576260507106781},"size":1832.6895751953125,"orthographic":false}