{"cameraMode":{"drawMode":0,"name":"Shaded","section":"Shading Mode"},"sceneLighting":true,"audioPlay":false,"sceneViewState":{"showFog":true,"showMaterialUpdate":false,"showSkybox":true,"showFlares":true,"showImageEffects":true,"showParticleSystems":true},"in2DMode":false,"pivot":{"x":-7.199253082275391,"y":4.582814693450928,"z":-7.219597816467285},"rotation":{"x":-0.1590069681406021,"y":-0.17609992623329163,"z":0.028838342055678369,"w":-0.9710369110107422},"size":10.0,"orthographic":false}