{"cameraMode":{"drawMode":0,"name":"Shaded","section":"Shading Mode"},"sceneLighting":true,"audioPlay":false,"sceneViewState":{"showFog":true,"showMaterialUpdate":true,"showSkybox":true,"showFlares":true,"showImageEffects":true,"showParticleSystems":true},"in2DMode":false,"pivot":{"x":2.9436075687408449,"y":7.1922078132629398,"z":27.70599937438965},"rotation":{"x":-0.20070476830005647,"y":-0.4496258795261383,"z":0.10160186886787415,"w":-0.8648291230201721},"size":36.785499572753909,"orthographic":false}