{"cameraMode":{"drawMode":0,"name":"Shaded","section":"Shading Mode"},"sceneLighting":true,"audioPlay":false,"sceneViewState":{"showFog":true,"showMaterialUpdate":false,"showSkybox":true,"showFlares":true,"showImageEffects":true,"showParticleSystems":true},"in2DMode":false,"pivot":{"x":4.487630844116211,"y":0.739689826965332,"z":-2.7685632705688478},"rotation":{"x":-0.018824029713869096,"y":0.9772082567214966,"z":-0.18723708391189576,"w":-0.09824433922767639},"size":10.0,"orthographic":false}