{"cameraMode":{"drawMode":0,"name":"Shaded","section":"Shading Mode"},"sceneLighting":true,"audioPlay":false,"sceneViewState":{"showFog":true,"showMaterialUpdate":true,"showSkybox":true,"showFlares":true,"showImageEffects":true,"showParticleSystems":true},"in2DMode":false,"pivot":{"x":53.00447463989258,"y":15.66396713256836,"z":-2.2228574752807619},"rotation":{"x":0.3213271200656891,"y":-0.401851624250412,"z":0.15200698375701905,"w":0.8442031145095825},"size":80.18546295166016,"orthographic":false}