{"cameraMode":{"drawMode":0,"name":"Shaded","section":"Shading Mode"},"sceneLighting":true,"audioPlay":false,"sceneViewState":{"showFog":true,"showMaterialUpdate":true,"showSkybox":true,"showFlares":true,"showImageEffects":true,"showParticleSystems":true},"in2DMode":false,"pivot":{"x":-6.667222023010254,"y":20.216371536254884,"z":32.44260025024414},"rotation":{"x":0.016639765352010728,"y":-0.9833173751831055,"z":0.12305930256843567,"w":0.13295671343803407},"size":14.163898468017579,"orthographic":false}