{"cameraMode":{"drawMode":0,"name":"Shaded","section":"Shading Mode"},"sceneLighting":false,"audioPlay":false,"sceneViewState":{"showFog":true,"showMaterialUpdate":false,"showSkybox":false,"showFlares":true,"showImageEffects":true,"showParticleSystems":true},"in2DMode":false,"pivot":{"x":-3.9280450344085695,"y":-1.8251521587371827,"z":-0.9641703367233276},"rotation":{"x":-0.10485991090536118,"y":0.7510115504264832,"z":-0.12300844490528107,"w":-0.6405996680259705},"size":12.458242416381836,"orthographic":false}