{"cameraMode":{"drawMode":0,"name":"Shaded","section":"Shading Mode"},"sceneLighting":false,"audioPlay":false,"sceneViewState":{"showFog":true,"showMaterialUpdate":true,"showSkybox":false,"showFlares":true,"showImageEffects":true,"showParticleSystems":true},"in2DMode":false,"pivot":{"x":2.6259615421295168,"y":-0.8554069399833679,"z":-8.592348098754883},"rotation":{"x":-0.06691087782382965,"y":-0.9266257882118225,"z":0.17602582275867463,"w":-0.3268764317035675},"size":22.0,"orthographic":false}