{"cameraMode":{"drawMode":0,"name":"Shaded","section":"Shading Mode"},"sceneLighting":false,"audioPlay":false,"sceneViewState":{"showFog":true,"showMaterialUpdate":true,"showSkybox":false,"showFlares":true,"showImageEffects":true,"showParticleSystems":true},"in2DMode":false,"pivot":{"x":-6.361029148101807,"y":-6.224968910217285,"z":-10.483905792236329},"rotation":{"x":0.025128278881311418,"y":-0.9711638689041138,"z":0.19104033708572389,"w":0.14297398924827577},"size":22.0,"orthographic":false}