{"cameraMode":{"drawMode":0,"name":"Shaded","section":"Shading Mode"},"sceneLighting":true,"audioPlay":false,"sceneViewState":{"showFog":true,"showMaterialUpdate":false,"showSkybox":true,"showFlares":true,"showImageEffects":true,"showParticleSystems":true},"in2DMode":false,"pivot":{"x":5.775263786315918,"y":2.6228578090667726,"z":19.018577575683595},"rotation":{"x":0.00843115895986557,"y":-0.2459060549736023,"z":-0.0021235202439129354,"w":-0.9695168733596802},"size":23.783424377441408,"orthographic":false}