{"cameraMode":{"drawMode":0,"name":"Shaded","section":"Shading Mode"},"sceneLighting":true,"audioPlay":false,"sceneViewState":{"showFog":true,"showMaterialUpdate":true,"showSkybox":true,"showFlares":true,"showImageEffects":true,"showParticleSystems":true},"in2DMode":false,"pivot":{"x":333.6710510253906,"y":22.199552536010743,"z":-242.8307647705078},"rotation":{"x":0.3628348708152771,"y":-0.14214517176151277,"z":-0.06118636950850487,"w":-0.919699490070343},"size":22.751142501831056,"orthographic":false}