{"cameraMode":{"drawMode":0,"name":"Shaded","section":"Shading Mode"},"sceneLighting":false,"audioPlay":false,"sceneViewState":{"showFog":true,"showMaterialUpdate":true,"showSkybox":false,"showFlares":true,"showImageEffects":true,"showParticleSystems":true},"in2DMode":false,"pivot":{"x":37.061241149902347,"y":-6.180515766143799,"z":23.62160873413086},"rotation":{"x":-0.10790365934371948,"y":-0.6659468412399292,"z":0.09516061842441559,"w":-0.7324610352516174},"size":31.169527053833009,"orthographic":false}