{"cameraMode":{"drawMode":0,"name":"Shaded","section":"Shading Mode"},"sceneLighting":true,"audioPlay":false,"sceneViewState":{"showFog":true,"showMaterialUpdate":true,"showSkybox":true,"showFlares":true,"showImageEffects":true,"showParticleSystems":true},"in2DMode":false,"pivot":{"x":-13.161535263061524,"y":-0.028502263128757478,"z":-14.061896324157715},"rotation":{"x":-0.2823092043399811,"y":-0.16438353061676026,"z":0.05188002437353134,"w":-0.9441455006599426},"size":14.055878639221192,"orthographic":false}