{"cameraMode":{"drawMode":0,"name":"Shaded","section":"Shading Mode"},"sceneLighting":true,"audioPlay":false,"sceneViewState":{"showFog":true,"showMaterialUpdate":true,"showSkybox":true,"showFlares":true,"showImageEffects":true,"showParticleSystems":true},"in2DMode":false,"pivot":{"x":-39.0546875,"y":29.70527458190918,"z":-64.96058654785156},"rotation":{"x":-0.13121090829372407,"y":-0.37627848982810976,"z":0.05064912885427475,"w":-0.9164571166038513},"size":13.606491088867188,"orthographic":false}