{"cameraMode":{"drawMode":0,"name":"Shaded","section":"Shading Mode"},"sceneLighting":false,"audioPlay":false,"sceneViewState":{"showFog":true,"showMaterialUpdate":true,"showSkybox":false,"showFlares":true,"showImageEffects":true,"showParticleSystems":true},"in2DMode":false,"pivot":{"x":18.98598289489746,"y":-11.112332344055176,"z":39.5001335144043},"rotation":{"x":-0.3097594380378723,"y":-0.05706286430358887,"z":0.016779214143753053,"w":-0.9492992758750916},"size":29.827299118041993,"orthographic":false}