{"cameraMode":{"drawMode":0,"name":"Shaded","section":"Shading Mode"},"sceneLighting":false,"audioPlay":false,"sceneViewState":{"showFog":true,"showMaterialUpdate":true,"showSkybox":false,"showFlares":true,"showImageEffects":true,"showParticleSystems":true},"in2DMode":false,"pivot":{"x":22.487436294555665,"y":-30.704299926757814,"z":-2.294865369796753},"rotation":{"x":0.024784628301858903,"y":-0.9456155896186829,"z":0.3149503469467163,"w":0.08187993615865708},"size":62.47926330566406,"orthographic":false}