{"cameraMode":{"drawMode":0,"name":"Shaded","section":"Shading Mode"},"sceneLighting":false,"audioPlay":false,"sceneViewState":{"showFog":true,"showMaterialUpdate":false,"showSkybox":false,"showFlares":true,"showImageEffects":true,"showParticleSystems":true},"in2DMode":false,"pivot":{"x":36.76095199584961,"y":3.7750439643859865,"z":-24.83903694152832},"rotation":{"x":-0.2116156369447708,"y":-0.7176006436347961,"z":0.2458990067243576,"w":-0.6167048811912537},"size":8.195328712463379,"orthographic":false}