{"cameraMode":{"drawMode":0,"name":"Shaded","section":"Shading Mode"},"sceneLighting":true,"audioPlay":false,"sceneViewState":{"showFog":true,"showMaterialUpdate":true,"showSkybox":true,"showFlares":true,"showImageEffects":true,"showParticleSystems":true},"in2DMode":false,"pivot":{"x":51.22710418701172,"y":37.139102935791019,"z":33.58163833618164},"rotation":{"x":-0.20968367159366609,"y":0.7198011875152588,"z":-0.25291529297828677,"w":-0.6126118302345276},"size":4.041658401489258,"orthographic":false}