{"cameraMode":{"drawMode":0,"name":"Shaded","section":"Shading Mode"},"sceneLighting":true,"audioPlay":false,"sceneViewState":{"showFog":true,"showMaterialUpdate":false,"showSkybox":true,"showFlares":true,"showImageEffects":true,"showParticleSystems":true},"in2DMode":false,"pivot":{"x":13.191802978515625,"y":0.015688596293330194,"z":0.4487387537956238},"rotation":{"x":-0.009580357000231743,"y":0.8749260306358337,"z":-0.017337840050458909,"w":-0.4839039742946625},"size":4.207394599914551,"orthographic":false}