{"cameraMode":{"drawMode":0,"name":"Shaded","section":"Shading Mode"},"sceneLighting":false,"audioPlay":false,"sceneViewState":{"showFog":true,"showMaterialUpdate":false,"showSkybox":false,"showFlares":true,"showImageEffects":true,"showParticleSystems":true},"in2DMode":false,"pivot":{"x":1.996554970741272,"y":1.896781086921692,"z":-5.874794006347656},"rotation":{"x":0.022770075127482415,"y":-0.05814328417181969,"z":0.0013068248517811299,"w":0.9980776309967041},"size":2.3986105918884279,"orthographic":false}