{"cameraMode":{"drawMode":0,"name":"Shaded","section":"Shading Mode"},"sceneLighting":true,"audioPlay":false,"sceneViewState":{"showFog":true,"showMaterialUpdate":true,"showSkybox":true,"showFlares":true,"showImageEffects":true,"showParticleSystems":true},"in2DMode":false,"pivot":{"x":101.1332015991211,"y":-108.00270080566406,"z":53.563514709472659},"rotation":{"x":0.35740330815315249,"y":0.618590772151947,"z":-0.37002456188201907,"w":0.5949095487594605},"size":173.39102172851563,"orthographic":false}