{"cameraMode":{"drawMode":0,"name":"Shaded","section":"Shading Mode"},"sceneLighting":false,"audioPlay":false,"sceneViewState":{"showFog":true,"showMaterialUpdate":false,"showSkybox":false,"showFlares":true,"showImageEffects":true,"showParticleSystems":true},"in2DMode":false,"pivot":{"x":0.12654590606689454,"y":10.490943908691407,"z":-0.054968833923339847},"rotation":{"x":0.11783386766910553,"y":-0.8544488549232483,"z":0.22343476116657258,"w":0.4544847309589386},"size":54.60978698730469,"orthographic":false}