{"cameraMode":{"drawMode":0,"name":"Shaded","section":"Shading Mode"},"sceneLighting":false,"audioPlay":false,"sceneViewState":{"showFog":true,"showMaterialUpdate":true,"showSkybox":false,"showFlares":true,"showImageEffects":true,"showParticleSystems":true},"in2DMode":false,"pivot":{"x":-9.908233642578125,"y":-20.66172218322754,"z":14.905010223388672},"rotation":{"x":0.10440242290496826,"y":-0.8588438034057617,"z":0.19926218688488007,"w":0.4609629511833191},"size":62.47926330566406,"orthographic":false}