{"cameraMode":{"drawMode":0,"name":"Shaded","section":"Shading Mode"},"sceneLighting":true,"audioPlay":false,"sceneViewState":{"showFog":true,"showMaterialUpdate":true,"showSkybox":true,"showFlares":true,"showImageEffects":true,"showParticleSystems":true},"in2DMode":false,"pivot":{"x":59.69863510131836,"y":-14.936047554016114,"z":-118.60932159423828},"rotation":{"x":-0.006316975224763155,"y":-0.9964141249656677,"z":0.08075819164514542,"w":-0.043587956577539447},"size":173.39102172851563,"orthographic":false}