{"cameraMode":{"drawMode":0,"name":"Shaded","section":"Shading Mode"},"sceneLighting":true,"audioPlay":false,"sceneViewState":{"showFog":true,"showMaterialUpdate":true,"showSkybox":true,"showFlares":true,"showImageEffects":true,"showParticleSystems":true},"in2DMode":false,"pivot":{"x":8.569181442260743,"y":3.2547242641448976,"z":24.443988800048829},"rotation":{"x":0.12824107706546784,"y":0.18071943521499635,"z":-0.02385488525032997,"w":0.9748795032501221},"size":2.5192697048187258,"orthographic":false}