{"cameraMode":{"drawMode":0,"name":"Shaded","section":"Shading Mode"},"sceneLighting":true,"audioPlay":false,"sceneViewState":{"showFog":true,"showMaterialUpdate":true,"showSkybox":true,"showFlares":true,"showImageEffects":true,"showParticleSystems":true},"in2DMode":false,"pivot":{"x":15.958802223205567,"y":2.6324501037597658,"z":51.071598052978519},"rotation":{"x":0.03862853720784187,"y":-0.18565984070301057,"z":0.007237863261252642,"w":0.9818695783615112},"size":28.649723052978517,"orthographic":false}