{"cameraMode":{"drawMode":0,"name":"Shaded","section":"Shading Mode"},"sceneLighting":true,"audioPlay":false,"sceneViewState":{"showFog":true,"showMaterialUpdate":true,"showSkybox":false,"showFlares":true,"showImageEffects":true,"showParticleSystems":true},"in2DMode":false,"pivot":{"x":29.1940860748291,"y":-0.023418953642249109,"z":39.37369918823242},"rotation":{"x":-0.08235841244459152,"y":-0.6426849365234375,"z":0.06956066191196442,"w":-0.7586658596992493},"size":73.48600769042969,"orthographic":false}