{"cameraMode":{"drawMode":0,"name":"Shaded","section":"Shading Mode"},"sceneLighting":true,"audioPlay":false,"sceneViewState":{"showFog":true,"showMaterialUpdate":true,"showSkybox":true,"showFlares":true,"showImageEffects":true,"showParticleSystems":true},"in2DMode":false,"pivot":{"x":22.823932647705079,"y":7.287006855010986,"z":-4.507672309875488},"rotation":{"x":-0.013393102213740349,"y":0.9500905275344849,"z":-0.04138549789786339,"w":-0.3098917305469513},"size":15.298398971557618,"orthographic":false}