{"cameraMode":{"drawMode":0,"name":"Shaded","section":"Shading Mode"},"sceneLighting":false,"audioPlay":false,"sceneViewState":{"showFog":true,"showMaterialUpdate":true,"showSkybox":false,"showFlares":true,"showImageEffects":true,"showParticleSystems":true},"in2DMode":false,"pivot":{"x":0.1736910194158554,"y":-13.08723258972168,"z":-94.35679626464844},"rotation":{"x":0.09689708054065705,"y":0.8855499029159546,"z":-0.410614937543869,"w":0.19670787453651429},"size":273.33795166015627,"orthographic":false}