{"cameraMode":{"drawMode":0,"name":"Shaded","section":"Shading Mode"},"sceneLighting":true,"audioPlay":false,"sceneViewState":{"showFog":true,"showMaterialUpdate":true,"showSkybox":true,"showFlares":true,"showImageEffects":true,"showParticleSystems":true},"in2DMode":false,"pivot":{"x":31.601051330566408,"y":9.290921211242676,"z":-41.828338623046878},"rotation":{"x":-0.002551523270085454,"y":-0.3245302438735962,"z":-0.0018700234359130264,"w":-0.9464479684829712},"size":11.431538581848145,"orthographic":false}