{"cameraMode":{"drawMode":0,"name":"Shaded","section":"Shading Mode"},"sceneLighting":true,"audioPlay":false,"sceneViewState":{"showFog":true,"showMaterialUpdate":false,"showSkybox":true,"showFlares":true,"showImageEffects":true,"showParticleSystems":true},"in2DMode":false,"pivot":{"x":523.4840698242188,"y":331.0677185058594,"z":-553.8709716796875},"rotation":{"x":0.025790557265281678,"y":-0.03116545081138611,"z":0.0009338007657788694,"w":0.9992302060127258},"size":2.998610496520996,"orthographic":false}