{"cameraMode":{"drawMode":0,"name":"Shaded","section":"Shading Mode"},"sceneLighting":true,"audioPlay":false,"sceneViewState":{"showFog":true,"showMaterialUpdate":true,"showSkybox":false,"showFlares":true,"showImageEffects":true,"showParticleSystems":true},"in2DMode":false,"pivot":{"x":96.74507141113281,"y":13.107295989990235,"z":45.855125427246097},"rotation":{"x":0.01362830214202404,"y":0.7086697220802307,"z":-0.013951782137155533,"w":0.705477774143219},"size":73.48600769042969,"orthographic":false}